Status,Username,Title,Live Viewers,Time Stamp
Live,esl_csgo,RERUN  Cloud  vs  Liquid   Map    Overpass    ESL Pro League Season      Group D,4101,2022-09-28 04:31:01
Offline,noway4u_sir,,,2022-09-28 04:31:01
Offline,montanablack88,,,2022-09-28 04:31:02
Live,xqc, MEGA NEWS MEGA DRAMA MEGA STREAM MEGA JUICER WOW CANT BELIEVE THIS HAPPENED COME HERE AND SAY HELLO OR ELSE OR ELSE REACTORLORD WILL COME ,68894,2022-09-28 04:31:03
Live,kittyk838,  diamond again   K kill valk grind  SUBTEMBER     ig           tiktok,111,2022-09-28 04:31:04
Live,sypherpk,THE SYPHERPK ICON FASHION SHOW   Use Code  SypherPK ,3650,2022-09-28 04:31:05
Live,subroza, SUBTEMBER    FAV STREAMERS FAV STREAMER PLAYING RANKED    ads  newvid   HR STREAM  K SUBS  HOT TUB STREAM    K SUBS,3223,2022-09-28 04:31:06
Live,shahzam,SEN ShahZaM   PRO PLAYER COMPLETELY LOSES HIS MIND PLAYING RADIANT RANKED,2495,2022-09-28 04:31:07
Live,grimm,SAGE WALL GUY LOSES EVERY GAME BUT IS CONTEMPT AND IS HAPPY HES JUST SO HAPPY     PogU    emotes  mousepad,1633,2022-09-28 04:31:08
Live,flexinja,ranked    twitter  Flexinja,1858,2022-09-28 04:31:09
