Title,Link,Column1,Column2,Column3,Column4
 6 Figure a Month With Amazon FBA – Ben Cummings,https://aibox.biz/product/6-figure-a-month-with-amazon-fba-ben-cummings/,,,,
 NEW Amazon FBA Champion Course 3.0,https://aibox.biz/course/new-amazon-fba-champion-course-3-0-trevin-peterson/,,,,
(NEW) Amazon FBA Course 2019 – Ultimate Amazon FBA Blueprint,https://beeaca.com/product/new-amazon-fba-course-2019-ultimate-amazon-fba-blueprint/,,,,
[FREE DOWNLOAD] Sajan Elanthoor – Amazon FBA PLR,https://www.bestwsodownload.com/sajan-elanthoor-amazon-fba-plr/,,,,
[Free Share] Amazon – A to Z The Complete Guide to Dominate Amazon FBA,https://www.1mindl.com/free-share-amazon-a-to-z-the-complete-guide-to-dominate-amazon-fba/,,,,
[GET] 10x Amazon FBA Ebay Dropshipping Wholesale 2021 Make Money Free Download,https://www.bestwsodownload.com/10x-amazon-fba-ebay-dropshipping-wholesale-2021-make-money-free-download/,,,,
[GET] How to Use Keepa for Amazon FBA Wholesale Free Download,https://www.bestwsodownload.com/how-to-use-keepa-for-amazon-fba-wholesale-free-download/,,,,
[Video Course] Amazon FBA Ninja by Kevin David,https://batcourses.com/library/video-course-amazon-fba-ninja-by-kevin-david/,,,,
[Video Course] Amazon FBA Ninja by Kevin David,https://batcourses.com/library/video-course-amazon-fba-ninja-by-kevin-david/,,,,
[Video Course] Amazon FBA Ninja by Kevin David,https://beeaca.com/product/video-course-amazon-fba-ninja-by-kevin-david/,,,,
2020: How To Choose a Winning Amazon FBA Product Every Time by Gabriel Thornton,https://batcourses.com/library/2020-how-to-choose-a-winning-amazon-fba-product-every-time-by-gabriel-thornton/,,,,
2020: How To Choose a Winning Amazon FBA Product Every Time by Gabriel Thornton,https://batcourses.com/library/2020-how-to-choose-a-winning-amazon-fba-product-every-time-by-gabriel-thornton/,,,,
2020: How To Choose a Winning Amazon FBA Product Every Time by Gabriel Thornton,https://beeaca.com/product/2020-how-to-choose-a-winning-amazon-fba-product-every-time-by-gabriel-thornton/,,,,
6 Figure a Month With Amazon FBA – Ben Cummings,https://aibox.biz/product/6-figure-a-month-with-amazon-fba-ben-cummings/,,,,
Adam Fisher – Champions of Amazon FBA Course,https://bestseeder.com/download/adam-fisher-champions-of-amazon-fba-course/,,,,
Amazon – A To Z The Complete Guide To Dominate Amazon FBA,https://aibox.biz/product/amazon-a-to-z-the-complete-guide-to-dominate-amazon-fba/,,,,
Amazon – A To Z The Complete Guide To Dominate Amazon FBA,https://boxskill.net/product/amazon-a-to-z-the-complete-guide-to-dominate-amazon-fba/,,,,
Amazon – A To Z The Complete Guide To Dominate Amazon FBA,https://brainet.wiki/product/amazon-a-to-z-the-complete-guide-to-dominate-amazon-fba/,,,,
Amazon FBA – How to Private Label Products & EARN an income! – Kaylee Savarie,https://aibox.biz/product/amazon-fba-how-to-private-label-products-earn-an-income-kaylee-savarie/,,,,
Amazon FBA – How to Private Label Products & EARN an income! – Kaylee Savarie,https://brainet.wiki/product/amazon-fba-how-to-private-label-products-earn-an-income-kaylee-savarie/,,,,
Amazon FBA – Start a Successful Profitable Amazon Business,https://batcourses.com/library/amazon-fba-start-a-successful-profitable-amazon-business/,,,,
Amazon FBA – Start a Successful Profitable Amazon Business,https://batcourses.com/library/amazon-fba-start-a-successful-profitable-amazon-business/,,,,
Amazon FBA – Start a Successful Profitable Amazon Business,https://beeaca.com/product/amazon-fba-start-a-successful-profitable-amazon-business/,,,,
Amazon FBA 2021 – How to pick a Profitable Product in 1 hour (2021),https://www.1mindl.com/amazon-fba-2021-how-to-pick-a-profitable-product-in-1-hour-2021/,,,,
Amazon FBA A-Z Seller Course – Joshua Crisp,https://abizty.com/course/amazon-fba-a-z-seller-course-joshua-crisp/,,,,
Amazon FBA A-Z Seller Course by Joshua Crisp,https://beeaca.com/product/amazon-fba-a-z-seller-course-by-joshua-crisp/,,,,
Amazon FBA Champion Course 2.0,https://aibox.biz/course/amazon-fba-champion-course-2-0/,,,,
Amazon FBA Champion Course 4.0 from Trevin Peterson,https://www.10library.com/amazon-fba-champion-course-4-0-from-trevin-peterson-2,,,,
Amazon FBA Coaching Course – Andrei Kreicbergs,https://abizty.com/course/amazon-fba-coaching-course-andrei-kreicbergs/,,,,
Amazon FBA Coaching Course by Andrei Kreicbergs,https://beeaca.com/product/amazon-fba-coaching-course-by-andrei-kreicbergs/,,,,
Amazon FBA Coaching Course by Andrei Kreicbergs –  Andrei Kreicbergs,https://brainet.wiki/product/amazon-fba-coaching-course-by-andrei-kreicbergs-andrei-kreicbergs/,,,,
Amazon FBA Coaching Course by Andrei Kreicbergs – Andrei Kreicbergs,https://aibox.biz/product/amazon-fba-coaching-course-by-andrei-kreicbergs-andrei-kreicbergs/,,,,
Amazon FBA Complete Guide To Start Your Own Home Business,https://affordablecourses.net/courses/amazon-fba-complete-guide-to-start-your-own-home-business/,,,,
Amazon FBA Course By Ryan Hogue,https://bestoftrader.com/book/amazon-fba-course-by-ryan-hogue/,,,,
Amazon FBA Course for Beginners (2020),https://batcourses.com/library/amazon-fba-course-for-beginners-2020/,,,,
Amazon FBA Course for Beginners (2020),https://batcourses.com/library/amazon-fba-course-for-beginners-2020/,,,,
Amazon FBA Empire Academy 2.0,https://avaicourse.org/courses/amazon-fba-empire-academy-2-0/,,,,
Amazon FBA Empire Academy 2.0,https://avaicourse.org/courses/amazon-fba-empire-academy-2-0/,,,,
Amazon FBA Fast Lane – The Quick Start To A Successful Amazon Shop,https://avaicourse.org/courses/amazon-fba-fast-lane-the-quick-start-to-a-successful-amazon-shop/,,,,
Amazon FBA Fast Lane – The Quick Start To A Successful Amazon Shop,https://avaicourse.org/courses/amazon-fba-fast-lane-the-quick-start-to-a-successful-amazon-shop/,,,,
Amazon FBA Fast Lane – The Quick Start To A Successful Amazon Shop,https://bestoftrader.com/book/amazon-fba-fast-lane-the-quick-start-to-a-successful-amazon-shop/,,,,
Amazon FBA Heroes – Derrick Struggle,https://abizty.com/course/amazon-fba-heroes-derrick-struggle/,,,,
Amazon FBA Heroes by Derrick Struggle,https://beeaca.com/product/amazon-fba-heroes-by-derrick-struggle/,,,,
Amazon FBA Launch – Faster Rankings, Reviews and Sales,https://bestoftrader.com/book/amazon-fba-launch-faster-rankings-reviews-and-sales/,,,
Amazon FBA Mastermind – Youngjoon Sun,https://abizty.com/course/amazon-fba-mastermind-youngjoon-sun/,,,,
Amazon FBA Mastery 2020 – FREE Top 50 Hottest Product List,https://affordablecourses.net/courses/amazon-fba-mastery-2020-free-top-50-hottest-product-list/,,,,
Amazon FBA Mastery 2020 | FREE Top 50 Hottest Product List! (2021),https://www.1mindl.com/amazon-fba-mastery-2020-free-top-50-hottest-product-list-2021/,,,,
Amazon FBA Mastery 2020 | FREE Top 50 Hottest Product List! by Kevin David,https://beeaca.com/product/amazon-fba-mastery-2020-free-top-50-hottest-product-list-by-kevin-david/,,,,
Amazon FBA Ninja – The Last Amazon FBA Course You Will Ever Need,https://bestoftrader.com/book/amazon-fba-ninja-the-last-amazon-fba-course-you-will-ever-need/,,,,
Amazon FBA Ninja FULL Course,https://aibox.biz/product/amazon-fba-ninja-full-course/,,,,
Amazon FBA Ninja FULL Course,https://brainet.wiki/product/amazon-fba-ninja-full-course/,,,,
Amazon FBA Ninja FULL Course – Kevin David,https://abizty.com/course/amazon-fba-ninja-full-course-kevin-david/,,,,
Amazon FBA Online Business Course And Community,https://batcourses.com/library/amazon-fba-online-business-course-and-community/,,,,
Amazon FBA Online Business Course And Community,https://batcourses.com/library/amazon-fba-online-business-course-and-community/,,,,
Amazon FBA Online Business Course And Community,https://bestseeder.com/download/amazon-fba-online-business-course-and-community/,,,,
Amazon FBA PPC Strategy – Sell on first page organically,https://bestoftrader.com/book/amazon-fba-ppc-strategy-sell-on-first-page-organically/,,,,
Amazon FBA Product Launch: Faster Rankings, Reviews, and Sales – Jon Bowser,https://aibox.biz/product/amazon-fba-product-launch-faster-rankings-reviews-and-sales-jon-bowser/,,
Amazon FBA Product Launch: Faster Rankings, Reviews, and Sales – Jon Bowser,https://brainet.wiki/product/amazon-fba-product-launch-faster-rankings-reviews-and-sales-jon-bowser/,,
Amazon FBA Product Research Champion Course,https://aibox.biz/course/amazon-fba-product-research-champion-course/,,,,
Amazon FBA UK Course,https://beeaca.com/product/amazon-fba-uk-course/,,,,
Amazon FBA UK Course,https://bestoftrader.com/book/amazon-fba-uk-course/,,,,
Amazon FBA UK Course by Dylan Reed,https://beeaca.com/product/amazon-fba-uk-course-by-dylan-reed/,,,,
Amazon FBA Wholesale Bundle System,https://batcourses.com/library/amazon-fba-wholesale-bundle-system/,,,,
Amazon FBA Wholesale Bundle System,https://batcourses.com/library/amazon-fba-wholesale-bundle-system/,,,,
Amazon FBA Wholesale Bundle System,https://beeaca.com/product/amazon-fba-wholesale-bundle-system/,,,,
Amazon FBA: New Secrets Increase Your Sales Every Month,https://aibox.biz/product/amazon-fba-new-secrets-increase-your-sales-every-month/,,,,
Andre Chaperon – Amazon FBA Fast Track,https://batcourses.com/library/andre-chaperon-amazon-fba-fast-track/,,,,
Andre Chaperon – Amazon FBA Fast Track,https://batcourses.com/library/andre-chaperon-amazon-fba-fast-track/,,,,
Andrei Kreicbergs – Amazon FBA Coaching Course,https://beeaca.com/product/andrei-kreicbergs-amazon-fba-coaching-course/,,,,
Andrei Kreicbergs – Amazon FBA Coaching Course,https://bestseeder.com/download/andrei-kreicbergs-amazon-fba-coaching-course/,,,,
Barrington McIntosh – Get On AZ: Selling Internationally on Amazon FBA,https://www.amzlibrary.net/course/barrington-mcintosh-get-on-az-selling-internationally-on-amazon-fba.html,,,,
Barrington McIntosh – Selling Internationally on Amazon FBA,https://www.amzlibrary.net/course/barrington-mcintosh-selling-internationally-on-amazon-fba.html,,,,
Beau Crabill – Online Retail Mastery (Amazon FBA University),https://9wsodl.com/course/beau-crabill-online-retail-mastery-amazon-fba-university/,,,,
Beau Crabill – Online Retail Mastery (Amazon FBA University),https://affordablecourses.net/courses/beau-crabill-online-retail-mastery-amazon-fba-university/,,,,
Beau Crabill – Online Retail Mastery (Amazon FBA University),https://beeaca.com/product/beau-crabill-online-retail-mastery-amazon-fba-university/,,,,
Benjamin Joseph – Amazon FBA Secrets 3.0,https://www.10library.com/benjamin-joseph-amazon-fba-secrets-3-0,,,,
Benjamin Joseph – Amazon FBA Secrets 3.0,https://affordablecourses.net/courses/benjamin-joseph-amazon-fba-secrets-3-0-2/,,,,
Benjamin Joseph – Amazon FBA Secrets 3.0,https://affordablecourses.net/courses/benjamin-joseph-amazon-fba-secrets-3-0/,,,,
Benjamin Joseph – Amazon FBA Secrets 3.0,https://avaicourse.org/courses/benjamin-joseph-amazon-fba-secrets-3-0/,,,,
Benjamin Joseph – Amazon FBA Secrets 3.0,https://avaicourse.org/courses/benjamin-joseph-amazon-fba-secrets-3-0/,,,,
Benjamin Joseph – Amazon FBA Secrets 3.0,https://bosscourses.net/download/benjamin-joseph-amazon-fba-secrets-3-0/,,,,
Benjamin Joseph – Amazon FBA Secrets 3.0 (2021),https://www.1mindl.com/benjamin-joseph-amazon-fba-secrets-3-0-2021/,,,,
Benji And Evan – Amazon FBA Secrets 3.0,https://avaicourse.org/courses/benji-and-evan-amazon-fba-secrets-3-0/,,,,
Benji And Evan – Amazon FBA Secrets 3.0,https://avaicourse.org/courses/benji-and-evan-amazon-fba-secrets-3-0/,,,,
Benji And Evan – Amazon FBA Secrets 3.0,https://beeaca.com/product/benji-and-evan-amazon-fba-secrets-3-0/,,,,
Benji And Evan – Amazon FBA Secrets 3.0,https://bestseeder.com/download/benji-and-evan-amazon-fba-secrets-3-0/,,,,
Dan Vas – Ecom Freedom Amazon FBA,https://bestseeder.com/download/dan-vas-ecom-freedom-amazon-fba/,,,,
Dan Vas – Ecom Freedom Amazon FBA | Instant Download !,https://bestoftrader.com/book/dan-vas-ecom-freedom-amazon-fba-instant-download/,,,,
Dan Vas – Ecom Freedom Amazon FBA Full Course,https://www.atslibrary.com/product/dan-vas-ecom-freedom-amazon-fba-full-course/,,,,
Derrick Struggle – Amazon FBA Heroes,https://affordablecourses.net/courses/derrick-struggle-amazon-fba-heroes/,,,,
Derrick Struggle – Amazon FBA Heroes,https://avaicourse.org/courses/derrick-struggle-amazon-fba-heroes/,,,,
Derrick Struggle – Amazon FBA Heroes,https://avaicourse.org/courses/derrick-struggle-amazon-fba-heroes/,,,,
Derrick Struggle – Amazon FBA Heroes,https://bestseeder.com/download/derrick-struggle-amazon-fba-heroes/,,,,
Dylan Reed – Amazon FBA Elites Academy 2020,https://www.10library.com/dylan-reed-amazon-fba-elites-academy-2020-2,,,,
Dylan Reed – Amazon FBA Elites Academy 2020,https://www.10library.com/dylan-reed-amazon-fba-elites-academy-2020,,,,
Dylan Reed – Learn How To Build A Six-Figure Amazon FBA Business – A Single Product, From Anywhere In The World,https://www.amzlibrary.net/course/dylan-reed-learn-how-to-build-a-six-figure-amazon-fba-business-a-single-product-from-anywhere-in-the-world.html,,,
Dylan Reed – Learn How To Build A Six-Figure Amazon FBA Business With A Single Product, From Anywhere In The World.,https://bestseeder.com/download/dylan-reed-learn-how-to-build-a-six-figure-amazon-fba-business-with-a-single-product-from-anywhere-in-the-world/,,,
Eric – Welcome to Amazon FBA Geniuses,https://bestseeder.com/download/eric-welcome-to-amazon-fba-geniuses/,,,,
FBA Blueprint – Amazon FBA Course – Adam Heist,https://boxskill.net/product/fba-blueprint-amazon-fba-course-adam-heist/,,,,
FBA Blueprint – Amazon FBA Course – Adam Heist,https://brainet.wiki/product/fba-blueprint-amazon-fba-course-adam-heist/,,,,
Flipping Flea Market Finds On Amazon FBA, eBay For Thousands – Dave Espino,https://aibox.biz/product/flipping-flea-market-finds-on-amazon-fba-ebay-for-thousands-dave-espino/,,,
Flipping Flea Market Finds On Amazon FBA, eBay For Thousands – Dave Espino,https://boxskill.net/product/flipping-flea-market-finds-on-amazon-fba-ebay-for-thousands-dave-espino/,,,
Flipping Flea Market Finds On Amazon FBA, eBay For Thousands – Dave Espino,https://brainet.wiki/product/flipping-flea-market-finds-on-amazon-fba-ebay-for-thousands-dave-espino/,,,
Get full Amazon FBA Secrets 3.0 – Benji And Evan Course availablle with only $192,https://abizty.com/course/get-full-amazon-fba-secrets-3-0-benji-and-evan-course-availablle-with-only-192/,,,,
Get full Amazon FBA UK Course – Dylan Reed Course availablle with only $114,https://abizty.com/course/get-full-amazon-fba-uk-course-dylan-reed-course-availablle-with-only-114/,,,,
Get full Amazon FBA Wholesale Bundle System – Mommy Income Course availablle with only $34,https://abizty.com/course/get-full-amazon-fba-wholesale-bundle-system-mommy-income-course-availablle-with-only-34/,,,,
Get full Work From Home Sell Wholesale Products Using Amazon FBA – Larry Humphreys Course availablle with only $26,https://abizty.com/course/get-full-work-from-home-sell-wholesale-products-using-amazon-fba-larry-humphreys-course-availablle-with-only-26/,,,,
Get On AZ: Selling Internationally on Amazon FBA by Barrington McIntosh,https://www.10library.com/get-on-az-selling-internationally-on-amazon-fba-by-barrington-mcintosh,,,,
Helium 10 Elite – Amazon FBA Mastermind,https://9wsodl.com/course/helium-10-elite-amazon-fba-mastermind/,,,,
Helium 10 Elite – Amazon FBA Mastermind,https://batcourses.com/library/helium-10-elite-amazon-fba-mastermind/,,,,
Helium 10 Elite – Amazon FBA Mastermind,https://batcourses.com/library/helium-10-elite-amazon-fba-mastermind/,,,,
Helium 10 Elite – Amazon FBA Mastermind,https://bombacourses.com/helium-10-elite-amazon-fba-mastermind/,,,,
Helium 10 Elite – Amazon FBA Mastermind,https://bosscourses.net/download/helium-10-elite-amazon-fba-mastermind/,,,,
Helium 10 Elite – Amazon FBA Mastermind (2021),https://www.1mindl.com/helium-10-elite-amazon-fba-mastermind-2021/,,,,
Helium 10 Elite – Amazon FBA Mastermind Full Course,https://www.atslibrary.com/product/helium-10-elite-amazon-fba-mastermind-full-course/,,,,
Helium 10 Elite – Amazon FBA Mastermind UP1 (2021),https://www.1mindl.com/helium-10-elite-amazon-fba-mastermind-up1-2021/,,,,
Helium 10 Elite – Amazon FBA Mastermind UP7,https://bombacourses.com/helium-10-elite-amazon-fba-mastermind-up7/,,,,
Helium 10 Elite – Amazon FBA Mastermind UP8,https://bombacourses.com/helium-10-elite-amazon-fba-mastermind-up8/,,,,
Helium 10 Elite – Amazon FBA Mastermind UP9,https://bombacourses.com/helium-10-elite-amazon-fba-mastermind-up9/,,,,
Helium 10 Elite – Amazon FBA Masterminds UP2 (2021),https://www.1mindl.com/helium-10-elite-amazon-fba-masterminds-up2-2021/,,,,
Helium 10 Elite – Amazon FBA Masterminds Update 7,https://bosscourses.net/download/helium-10-elite-amazon-fba-masterminds-update-7/,,,,
How to Start an Amazon FBA Store on a Tight Budget – Theo McArthur,https://aibox.biz/product/how-to-start-an-amazon-fba-store-on-a-tight-budget-theo-mcarthur/,,,,
How to Start an Amazon FBA Store on a Tight Budget – Theo McArthur,https://brainet.wiki/product/how-to-start-an-amazon-fba-store-on-a-tight-budget-theo-mcarthur/,,,,
how-to-get-free-download (Adam Heist – FBA Blueprint – Amazon FBA Course Only for $22) #FreeDownload #money,https://22power.com/how-to-get-free-download-adam-heist-fba-blueprint-amazon-fba-course-only-for-22-freedownload-seerox_wpdki_dyn_keywords-default22power-com-22maya-com-spintax22power-com22maya-com/,,,,
how-to-get-free-download (Seth Kneip – Just One Dime Amazon FBA Mastery Only for $22) #FreeDownload #money,https://22power.com/how-to-get-free-download-seth-kneip-just-one-dime-amazon-fba-mastery-only-for-22-freedownload-seerox_wpdki_dyn_keywords-default22power-com-22maya-com-spintax22power-com22maya-com/,,,,
how-to-get-free-downloadHelium 10 Elite – Amazon FBA Mastermind Only for $22) #FreeDownload #money,https://22power.com/how-to-get-free-downloadhelium-10-elite-amazon-fba-mastermind-only-for-22-http22power-com-money-internet_marketing-gro-3/,,,,
how-to-get-free-downloadHelium 10 Elite – Amazon FBA Mastermind Only for $22) https://22power.com/ #money #internet_marketing #Group_Buy #blackhat,https://22power.com/how-to-get-free-downloadgroup-buy-blackhat-deals-sales-discounts-tutorials-torrent-helium-10-elite-amazon-fba-mastermind-only-for-22-http22power-com-money-internet_marketing-gro-3/,,,,
how-to-get-free-downloadJessica Larrew – The Amazon FBA Boot Camp Only for $22) #FreeDownload #money,https://22power.com/how-to-get-free-downloadjessica-larrew-the-amazon-fba-boot-camp-only-for-22-http22power-com-money-internet_marketing-group_buy/,,,,
how-to-get-free-downloadJessica Larrew – The Amazon FBA Boot Camp Only for $22) https://22power.com/ #money #internet_marketing #Group_Buy #blackhat,https://22power.com/how-to-get-free-downloadgroup-buy-blackhat-deals-sales-discounts-tutorials-torrent-jessica-larrew-the-amazon-fba-boot-camp-only-for-22-http22power-com-money-internet_marketing-group_buy/,,,,
Jerry Banfield with EDUfyre – Amazon FBA Canada – Your Complete Canadian Guide To Profits,https://www.10library.com/jerry-banfield-with-edufyre-amazon-fba-canada-your-complete-canadian-guide-to-profits-2,,,,
Jerry Banfield with EDUfyre – Amazon FBA Canada – Your Complete Canadian Guide To Profits,https://www.10library.com/jerry-banfield-with-edufyre-amazon-fba-canada-your-complete-canadian-guide-to-profits,,,,
Jerry Banfield with EDUfyre – Amazon FBA Canada – Your Complete Canadian Guide To Profits,https://www.amzlibrary.net/course/jerry-banfield-with-edufyre-amazon-fba-canada-your-complete-canadian-guide-to-profits.html,,,,
Jessica Larrew – The Amazon FBA Boot Camp V4.0,https://avaicourse.org/courses/jessica-larrew-the-amazon-fba-boot-camp-v4-0/,,,,
Jessica Larrew – The Amazon FBA Boot Camp V4.0,https://avaicourse.org/courses/jessica-larrew-the-amazon-fba-boot-camp-v4-0/,,,,
Joshua Crisp – Amazon FBA A-Z Seller Course,https://avaicourse.org/courses/joshua-crisp-amazon-fba-a-z-seller-course/,,,,
Joshua Crisp – Amazon FBA A-Z Seller Course,https://avaicourse.org/courses/joshua-crisp-amazon-fba-a-z-seller-course/,,,,
JT Franco – Amazon FBA Empire Academy 2.0,https://bestseeder.com/download/jt-franco-amazon-fba-empire-academy-2-0/,,,,
JT Franco – Amazon FBA Empire Academy 2.0 (2021),https://www.1mindl.com/jt-franco-amazon-fba-empire-academy-2-0-2021/,,,,
Jungle Scout – How to Sell On Amazon FBA for Beginners | Rank on PAGE ONE,https://bosscourses.net/download/jungle-scout-how-to-sell-on-amazon-fba-for-beginners-rank-on-page-one/,,,,
Jungle Scout – How to Sell On Amazon FBA for Beginners | Rank on PAGE ONE [FREE DOWNLOAD],https://www.bestwsodownload.com/jungle-scout-how-to-sell-on-amazon-fba-for-beginners-rank-on-page-one-free-download/,,,,
Kenvin David – Amazon FBA Ninja FULL Course,https://beeaca.com/product/kenvin-david-amazon-fba-ninja-full-course/,,,,
Kevin David – Amazon FBA Ninja Full Course,https://affordablecourses.net/courses/kevin-david-amazon-fba-ninja-full-course/,,,,
Kevin David – Amazon FBA Ninja Full Course,https://avaicourse.org/courses/kevin-david-amazon-fba-ninja-full-course/,,,,
Kevin David – Amazon FBA Ninja Full Course,https://avaicourse.org/courses/kevin-david-amazon-fba-ninja-full-course/,,,,
Kevin David – Amazon FBA Ninja FULL Course,https://batcourses.com/library/kevin-david-amazon-fba-ninja-full-course/,,,,
Kevin David – Amazon FBA Ninja FULL Course,https://batcourses.com/library/kevin-david-amazon-fba-ninja-full-course/,,,,
Larry Humphreys – Work From Home Sell Wholesale Products Using Amazon FBA,https://avaicourse.org/courses/larry-humphreys-work-from-home-sell-wholesale-products-using-amazon-fba/,,,,
Larry Humphreys – Work From Home Sell Wholesale Products Using Amazon FBA,https://avaicourse.org/courses/larry-humphreys-work-from-home-sell-wholesale-products-using-amazon-fba/,,,,
Larry Humphreys – Work From Home Sell Wholesale Products Using Amazon FBA,https://beeaca.com/product/larry-humphreys-work-from-home-sell-wholesale-products-using-amazon-fba/,,,,
Launch Your First Private Label Product –  Amazon FBA Masterclass,https://affordablecourses.net/courses/launch-your-first-private-label-product-amazon-fba-masterclass/,,,,
Launch Your First Private Label Product | Amazon FBA Masterclass (2021),https://www.1mindl.com/launch-your-first-private-label-product-amazon-fba-masterclass-2021/,,,,
Learn How To Build A Six-Figure Amazon FBA Business – A Single Product, From Anywhere In The World. from Dylan Reed,https://www.10library.com/learn-how-to-build-a-six-figure-amazon-fba-business-a-single-product-from-anywhere-in-the-world-from-dylan-reed-2,,,
Learn How To Build A Six-Figure Amazon FBA Business – A Single Product, From Anywhere In The World. from Dylan Reed,https://www.10library.com/learn-how-to-build-a-six-figure-amazon-fba-business-a-single-product-from-anywhere-in-the-world-from-dylan-reed,,,
Mark Gossage – Amazon FBA Success,https://bosscourses.net/download/mark-gossage-amazon-fba-success/,,,,
Mommy Income – Amazon FBA Wholesale Bundle System,https://bestseeder.com/download/mommy-income-amazon-fba-wholesale-bundle-system/,,,,
NEW Amazon FBA Champion Course 3.0 – Trevin Peterson,https://brainet.wiki/product/new-amazon-fba-champion-course-30-trevin-peterson/,,,,
Not Found,0dayhome.net/?s=Amazon FBA,,,,
Not Found,0mmo.net/?s=Amazon FBA,,,,
Not Found,1337x.proxyninja.org/?s=Amazon FBA,,,,
Not Found,1337x.torrentbay.to/?s=Amazon FBA,,,,
Not Found,4evershare.com/?s=Amazon FBA,,,,
Not Found,9academy.net/?s=Amazon FBA,,,,
Not Found,aidthestudent.com/?s=Amazon FBA,,,,
Not Found,amalibrary.com/?s=Amazon FBA,,,,
Not Found,amzlibrary.biz/?s=Amazon FBA,,,,
Not Found,amzlibrary.com/?s=Amazon FBA,,,,
Not Found,amzlibrary.org/?s=Amazon FBA,,,,
Not Found,answerparadise.com/?s=Amazon FBA,,,,
Not Found,avaxgfx.co/?s=Amazon FBA,,,,
Not Found,avaxgfx.com/?s=Amazon FBA,,,,
Not Found,babiato.co/?s=Amazon FBA,,,,
Not Found,beecourse.net/?s=Amazon FBA,,,,
Not Found,bestblackhat.download/?s=Amazon FBA,,,,
Not Found,bestblackhat.online/?s=Amazon FBA,,,,
Not Found,bestblackhatforum.com/?s=Amazon FBA,,,,
Not Found,bestcoursesdl.com/?s=Amazon FBA,,,,
Not Found,bestonlinecourses.store/?s=Amazon FBA,,,,
Not Found,bizarena.org/?s=Amazon FBA,,,,
Not Found,blackhatscene.net/?s=Amazon FBA,,,,
Not Found,blackhatsem.com/?s=Amazon FBA,,,,
Not Found,bondibeachau.com/?s=Amazon FBA,,,,
Not Found,brainlearns.com/?s=Amazon FBA,,,,
Not Found,Brainlearns.net/?s=Amazon FBA,,,,
Not Found,browzify.com/?s=Amazon FBA,,,,
Not Found,businesscoursesok.com/?s=Amazon FBA,,,,
Ryan Hogue – Amazon FBA,https://bosscourses.net/download/ryan-hogue-amazon-fba/,,,,
Ryan Hogue – Amazon FBA Course,https://bombacourses.com/ryan-hogue-amazon-fba-course/,,,,
Ryan Hogue – Ryan’s Method: Amazon FBA,https://www.amzlibrary.net/course/ryan-hogue-ryans-method-amazon-fba.html,,,,
Ryan Hogue Amazon FBA Course,https://bosscourses.net/download/ryan-hogue-amazon-fba-course/,,,,
Selling Internationally on Amazon FBA by Barrington McIntosh,https://www.10library.com/selling-internationally-on-amazon-fba-by-barrington-mcintosh,,,,
Source and Sell on Amazon FBA [Without Private Labeling],https://bestoftrader.com/book/source-and-sell-on-amazon-fba-without-private-labeling/,,,,
Source and Sell on Amazon FBA [Without Private Labeling] by Theo McArthur,https://batcourses.com/library/source-and-sell-on-amazon-fba-without-private-labeling-by-theo-mcarthur/,,,,
Source and Sell on Amazon FBA [Without Private Labeling] by Theo McArthur,https://batcourses.com/library/source-and-sell-on-amazon-fba-without-private-labeling-by-theo-mcarthur/,,,,
Source and Sell on Amazon FBA [Without Private Labeling] by Theo McArthur,https://beeaca.com/product/source-and-sell-on-amazon-fba-without-private-labeling-by-theo-mcarthur/,,,,
The Amazon FBA 6 Figures in 6 Months Blueprint,https://bestoftrader.com/book/the-amazon-fba-6-figures-in-6-months-blueprint/,,,,
The Amazon FBA Seller Beginner’s Toolkit,https://bestoftrader.com/book/the-amazon-fba-seller-beginners-toolkit/,,,,
The Ultimate Amazon FBA Method by Brian Cinnamon,https://beeaca.com/product/the-ultimate-amazon-fba-method-by-brian-cinnamon/,,,,
Trevin Peterson – Amazon FBA Champion Course 4.0,https://www.amzlibrary.net/course/trevin-peterson-amazon-fba-champion-course-4-0.html,,,,
Trevin Peterson – Amazon FBA Champion Course 4.0 (updated for 2021),https://www.amzlibrary.net/course/trevin-peterson-amazon-fba-champion-course-4-0-updated-for-2021.html,,,,
Udemy – Amazon FBA – Product Listing Master Class,https://9wsodl.com/course/udemy-amazon-fba-product-listing-master-class/,,,,
Udemy – Amazon FBA Course – How to Sell on Amazon MASTERY Course,https://9wsodl.com/course/udemy-amazon-fba-course-how-to-sell-on-amazon-mastery-course/,,,,
Udemy – Amazon FBA Course: Private Label Work From Home Blueprint,https://9wsodl.com/course/udemy-amazon-fba-course-private-label-work-from-home-blueprint/,,,,
Udemy – Amazon FBA Mastery Course – How to Sell on Amazon,https://9wsodl.com/course/udemy-amazon-fba-mastery-course-how-to-sell-on-amazon/,,,,
Udemy – Amazon FBA: Complete Guide To Start Your Own Home Business,https://9wsodl.com/course/udemy-amazon-fba-complete-guide-to-start-your-own-home-business/,,,,
Udemy – Sourcing Alibaba and How to Sell on Amazon FBA Private Label,https://9wsodl.com/course/udemy-sourcing-alibaba-and-how-to-sell-on-amazon-fba-private-label/,,,,
Udemy – Work From Home: The Amazon FBA MasterPlan,https://9wsodl.com/course/udemy-work-from-home-the-amazon-fba-masterplan/,,,,
Ultimate Amazon FBA Method – Brian Cinnamon,https://aibox.biz/product/ultimate-amazon-fba-method-brian-cinnamon/,,,,
Ultimate Amazon FBA Method – Brian Cinnamon,https://brainet.wiki/product/ultimate-amazon-fba-method-brian-cinnamon/,,,,
Work From Home Sell Wholesale Products Using Amazon FBA – Larry Humphreys,https://aibox.biz/product/work-from-home-sell-wholesale-products-using-amazon-fba-larry-humphreys-3/,,,,
Youngjoon Sun – Amazon FBA Mastermind,https://9wsodl.com/course/youngjoon-sun-amazon-fba-mastermind/,,,,
Youngjoon Sun – Amazon FBA Mastermind,https://affordablecourses.net/courses/youngjoon-sun-amazon-fba-mastermind/,,,,
Youngjoon Sun – Amazon FBA Mastermind,https://avaicourse.org/courses/youngjoon-sun-amazon-fba-mastermind/,,,,
Youngjoon Sun – Amazon FBA Mastermind,https://avaicourse.org/courses/youngjoon-sun-amazon-fba-mastermind/,,,,
Youngjoon Sun – Amazon FBA Mastermind,https://bombacourses.com/youngjoon-sun-amazon-fba-mastermind/,,,,
Youngjoon Sun – Amazon FBA Mastermind (2021),https://www.1mindl.com/youngjoon-sun-amazon-fba-mastermind-2021/,,,,
