Title,Link
[Paid] Ecom Freedom Amazon FBA Course By Dan Vas,https://in.hackingworld.best/2021/03/paid-ecom-freedom-amazon-fba-course-by.html
[Paid] Helium 10 Elite – Amazon FBA Mastermind latest updated,https://in.hackingworld.best/2021/04/paid-helium-10-elite-amazon-fba.html
Adam Heist – FBA Blueprint,https://getwsodott.org/adam-heist-fba-blueprint/
Alex Strava - Quelli Di Amazon FBA Masterclass,/alex-strava-quelli-di-amazon-fba-masterclass
Alibaba To Amazon FBA – Product Importation Masterclass Course,https://getfreeonlinecourses.com/alibaba-to-amazon-fba-product-importation-masterclass-course/
Amazon FBA,#
Amazon FBA - The Ultimate Guide To Category Ungating & More,https://ebookee.com/Amazon-FBA-The-Ultimate-Guide-To-Category-Ungating-More_5387216.html
Amazon FBA - The Ultimate Guide To Category Ungating & More,https://ebookee.com/archive/book/Amazon-FBA-The-Ultimate-Guide-To-Category-Ungating-More_5382554.html
Amazon FBA - The Ultimate Guide To Category Ungating & More,https://ebookee.com/archive/book/Amazon-FBA-The-Ultimate-Guide-To-Category-Ungating-More_5378542.html
Amazon FBA - The Ultimate Guide To Category Ungating & More,https://www.ebookee.net/Amazon-FBA-The-Ultimate-Guide-To-Category-Ungating-More_5387216.html
Amazon FBA - The Ultimate Guide To Category Ungating & More,https://www.ebookee.net/archive/book/Amazon-FBA-The-Ultimate-Guide-To-Category-Ungating-More_5382554.html
Amazon FBA - The Ultimate Guide To Category Ungating & More,https://www.ebookee.net/archive/book/Amazon-FBA-The-Ultimate-Guide-To-Category-Ungating-More_5378542.html
Amazon Fba And E-commerce With Shopify: A Step-by-step Beginner’s Guide To Help You Understand Algorithms And Market Strategies To Dominate E-commerce And Create Your Passive Income. [EPUB],https://vdoc.pub/documents/amazon-fba-and-e-commerce-with-shopify-a-step-by-step-beginners-guide-to-help-you-understand-algorithms-and-market-strategies-to-dominate-e-commerce-and-create-your-passive-income-4tgbl1748u50
Amazon Fba Beginners Course - Start Earning Income Now!,https://ebookee.com/Amazon-Fba-Beginners-Course-Start-Earning-Income-Now_5395747.html
Amazon Fba Beginners Course - Start Earning Income Now!,https://ebookee.com/archive/book/Amazon-Fba-Beginners-Course-Start-Earning-Income-Now-_5391267.html
Amazon Fba Beginners Course - Start Earning Income Now!,https://ebookee.com/archive/book/Amazon-Fba-Beginners-Course-Start-Earning-Income-Now-_5388867.html
Amazon Fba Beginners Course - Start Earning Income Now!,https://ebookee.com/archive/book/Amazon-Fba-Beginners-Course-Start-Earning-Income-Now-_5385277.html
Amazon Fba Beginners Course - Start Earning Income Now!,https://ebookee.com/archive/book/Amazon-Fba-Beginners-Course-Start-Earning-Income-Now-_5382765.html
Amazon Fba Beginners Course - Start Earning Income Now!,https://www.ebookee.net/Amazon-Fba-Beginners-Course-Start-Earning-Income-Now_5395747.html
Amazon Fba Beginners Course - Start Earning Income Now!,https://www.ebookee.net/archive/book/Amazon-Fba-Beginners-Course-Start-Earning-Income-Now-_5391267.html
Amazon Fba Beginners Course - Start Earning Income Now!,https://www.ebookee.net/archive/book/Amazon-Fba-Beginners-Course-Start-Earning-Income-Now-_5388867.html
Amazon Fba Beginners Course - Start Earning Income Now!,https://www.ebookee.net/archive/book/Amazon-Fba-Beginners-Course-Start-Earning-Income-Now-_5385277.html
Amazon Fba Beginners Course - Start Earning Income Now!,https://www.ebookee.net/archive/book/Amazon-Fba-Beginners-Course-Start-Earning-Income-Now-_5382765.html
Amazon Fba Blackbook: Everything You Need To Know To Start Your Amazon Business Empire [EPUB],https://vdoc.pub/documents/amazon-fba-blackbook-everything-you-need-to-know-to-start-your-amazon-business-empire-4h0j8n4s8tn0
Amazon FBA Champion Course 2.0,/amazon-fba-champion-course-2-0
Amazon FBA Course - How to Sell on Amazon MASTERY Course..94% off udemy coupon code,https://www.learningonlinecourse.com/2020/04/amazon-fba-course-how-to-sell-on-amazon.html
Amazon FBA Course for Beginners (2020),https://freecoursedl.com/amazon-fba-course-for-beginners-2020/
Amazon FBA Empire Academy 2.0 with JT Franco,https://freecoursedl.com/amazon-fba-empire-academy-2-0-with-jt-franco/
Amazon FBA Fast Lane – The Quick Start To A Successful Amazon Shop,https://ebaycourses.com/product/amazon-fba-fast-lane-the-quick-start-to-a-successful-amazon-shop/
Amazon FBA Fast Lane – The Quick Start To A Successful Amazon Shop,https://thecoursedl.com/product/amazon-fba-fast-lane-the-quick-start-to-a-successful-amazon-shop/
Amazon FBA Fast Lane – The Quick Start To A Successful Amazon Shop,https://trcoursedl.com/product/amazon-fba-fast-lane-the-quick-start-to-a-successful-amazon-shop/
Amazon FBA Freedom Blueprint - Complete Beginner To Expert,https://ebookee.com/Amazon-FBA-Freedom-Blueprint-Complete-Beginner-To-Expert_5406782.html
Amazon FBA Freedom Blueprint - Complete Beginner To Expert,https://ebookee.com/archive/book/Amazon-FBA-Freedom-Blueprint-Complete-Beginner-To-Expert_5403792.html
Amazon FBA Freedom Blueprint - Complete Beginner To Expert,https://ebookee.com/archive/book/Amazon-FBA-Freedom-Blueprint-Complete-Beginner-To-Expert_5391868.html
Amazon FBA Freedom Blueprint - Complete Beginner To Expert,https://www.ebookee.net/Amazon-FBA-Freedom-Blueprint-Complete-Beginner-To-Expert_5406782.html
Amazon FBA Freedom Blueprint - Complete Beginner To Expert,https://www.ebookee.net/archive/book/Amazon-FBA-Freedom-Blueprint-Complete-Beginner-To-Expert_5403792.html
Amazon FBA Freedom Blueprint - Complete Beginner To Expert,https://www.ebookee.net/archive/book/Amazon-FBA-Freedom-Blueprint-Complete-Beginner-To-Expert_5391868.html
Amazon FBA Mini Course: Find A Profitable Product To Import free,https://www.learningonlinecourse.com/2017/06/amazon-fba-mini-course-find-profitable.html
Amazon FBA Ninja FULL Course - Kevin David,/amazon-fba-ninja-full-course-kevin-david
Amazon FBA Online Business Course And Community,https://ebaycourses.com/product/amazon-fba-online-business-course-and-community/
Amazon FBA Online Business Course And Community,/amazon-fba-online-business-course-and-community
Amazon FBA Online Business Course And Community,https://thecoursedl.com/product/amazon-fba-online-business-course-and-community/
"Amazon FBA Product Launch: Fast Rankings Reviews and Sales discount coupon 40% off only 15$ ""time limited offer""",https://www.learningonlinecourse.com/2016/12/amazon-fba-product-launch-fast-rankings.html
Amazon FBA Product Research Blueprint 2022 – Private Label,https://getfreeonlinecourses.com/amazon-fba-product-research-blueprint-2022-private-label/
Amazon FBA Product Research Champion Course,/amazon-fba-product-research-champion-course
Amazon Fba: How To Easily Make Extra Money Selling On Amazon Using Fulfillment By Amazon [EPUB],https://vdoc.pub/documents/amazon-fba-how-to-easily-make-extra-money-selling-on-amazon-using-fulfillment-by-amazon-7fmse2pgma30
Amazon FBAgency – Simone Reali,https://offimc.net/product/amazon-fbagency-simone-reali/
Benjamin Joseph – Amazon Fba Secrets 3.0,https://ebaycourses.com/product/benjamin-joseph-amazon-fba-secrets-3-0/
Build A Profitable Business From Amazon FBA,https://ebookee.com/Build-A-Profitable-Business-From-Amazon-FBA_5391460.html
Build A Profitable Business From Amazon FBA,https://www.ebookee.net/Build-A-Profitable-Business-From-Amazon-FBA_5391460.html
Cristian Tito - Amazon FBA 2019,/cristian-tito-amazon-fba-2019
Dan Vas – Ecom Freedom Amazon FBA,https://ebaycourses.com/product/dan-vas-ecom-freedom-amazon-fba/
Dan Vas – Ecom Freedom Amazon FBA,https://thecoursedl.com/product/dan-vas-ecom-freedom-amazon-fba/
Dan Vas – Ecom Freedom Amazon FBA,https://trcoursedl.com/product/dan-vas-ecom-freedom-amazon-fba/
Derrick Struggle – Amazon FBA Heroes,https://ebaycourses.com/product/derrick-struggle-amazon-fba-heroes/
Dropshipping Basics: The Beginner's Guide to Amazon FBA | udemy 100% free,https://www.learningonlinecourse.com/2018/08/dropshipping-basics-beginners-guide-to.html
Dropshipping: Six-figure Dropshipping Blueprint: Step By Step Guide To Private Label Retail Arbitrage Amazon Fba Shopify [EPUB],https://vdoc.pub/documents/dropshipping-six-figure-dropshipping-blueprint-step-by-step-guide-to-private-label-retail-arbitrage-amazon-fba-shopify-1f42m5kugn60
Dylan Reed - Learn How To Build A Six-Figure Amazon FBA Business With A Single Product From Anywhere In The World,/dylan-reed-learn-how-to-build-a-six-figure-amazon-fba-business-with-a-single-product-from-anywhere-in-the-world
E-commerce Business: 3 Books In 1: The Ultimate Guide To Make Money Online From Home And Reach Financial Freedom - Passive Income Ideas 2020 Dropshipping Amazon Fba [EPUB],https://vdoc.pub/documents/e-commerce-business-3-books-in-1-the-ultimate-guide-to-make-money-online-from-home-and-reach-financial-freedom-passive-income-ideas-2020-dropshipping-amazon-fba-417ijsgl87b0
Eric - Welcome To Amazon FBA Geniuses,/eric-welcome-to-amazon-fba-geniuses
Eric – Welcome to Amazon FBA Geniuses,https://ebaycourses.com/product/eric-welcome-to-amazon-fba-geniuses/
Eric – Welcome to Amazon FBA Geniuses,https://thecoursedl.com/product/eric-welcome-to-amazon-fba-geniuses/
Error 403: Bot Protected,hackforums.net
Error 503: Bot Protected,ext.torrentbay.to
Error 503: Bot Protected,extratorrent.st
Error 503: Bot Protected,netman24.ir
Error: Website Down,vfxdownload.net
Guadagnare Con Amazon Fba: Guida Semplice E Completa Per Vendere Su Amazon [EPUB],https://vdoc.pub/documents/guadagnare-con-amazon-fba-guida-semplice-e-completa-per-vendere-su-amazon-690jliq8ug50
Helium 10 Elite – Amazon FBA Mastermind (Update 5),https://freecoursedl.com/helium-10-elite-amazon-fba-mastermind-update-5/
Helium 10 Elite – Amazon FBA Mastermind (Update 9),https://freecoursedl.com/helium-10-elite-amazon-fba-mastermind-update-9/
Helium 10 Elite – Amazon FBA Mastermind (Updated 2019),https://freecoursedl.com/helium-10-elite-amazon-fba-mastermind-updated-2019/
How To Build A Shopify Store   Private Label With Amazon Fba,https://ebookee.com/How-To-Build-A-Shopify-Store-Private-Label-With-Amazon-Fba_5397878.html
How To Build A Shopify Store   Private Label With Amazon Fba,https://ebookee.com/archive/book/How-To-Build-A-Shopify-Store-Private-Label-With-Amazon-Fba_5391163.html
How To Build A Shopify Store   Private Label With Amazon Fba,https://ebookee.com/archive/book/How-To-Build-A-Shopify-Store-Private-Label-With-Amazon-Fba_5388552.html
How To Build A Shopify Store   Private Label With Amazon Fba,https://ebookee.com/archive/book/How-To-Build-A-Shopify-Store-Private-Label-With-Amazon-Fba_5385811.html
How To Build A Shopify Store   Private Label With Amazon Fba,https://www.ebookee.net/How-To-Build-A-Shopify-Store-Private-Label-With-Amazon-Fba_5397878.html
How To Build A Shopify Store   Private Label With Amazon Fba,https://www.ebookee.net/archive/book/How-To-Build-A-Shopify-Store-Private-Label-With-Amazon-Fba_5391163.html
How To Build A Shopify Store   Private Label With Amazon Fba,https://www.ebookee.net/archive/book/How-To-Build-A-Shopify-Store-Private-Label-With-Amazon-Fba_5388552.html
How To Build A Shopify Store   Private Label With Amazon Fba,https://www.ebookee.net/archive/book/How-To-Build-A-Shopify-Store-Private-Label-With-Amazon-Fba_5385811.html
How to Sell on Amazon - Amazon FBA Basics for Beginners- FREE COUPON CODE,https://www.learningonlinecourse.com/2018/07/how-to-sell-on-amazon-amazon-fba-basics.html
How to Start an Amazon FBA Store on a Tight Budget,https://udemy24.com/complete-amazon-selling-blueprint/
How to Start an Amazon FBA Store on a Tight Budget..94% off udemy coupon,https://www.learningonlinecourse.com/2019/01/how-to-start-amazon-fba-store-on-tight.html
https://www.iaamt.com/amazon-fba-champion-course-amz-4-0-by-trevin-peterson-free-download-course/,https://www.iaamt.com/amazon-fba-champion-course-amz-4-0-by-trevin-peterson-free-download-course/
https://www.iaamt.com/team-deangelo-v2-course-free-download-courses-cpa-amazon-fba-more-updated/,https://www.iaamt.com/team-deangelo-v2-course-free-download-courses-cpa-amazon-fba-more-updated/
Introduction To Sales Tax For Amazon Fba Sellers: Information And Tips To Help Fba Sellers Understand Tax Law [EPUB],https://vdoc.pub/documents/introduction-to-sales-tax-for-amazon-fba-sellers-information-and-tips-to-help-fba-sellers-understand-tax-law-5ugh6saq3dt0
Joshua Crisp – Amazon FBA A-Z Seller Course,https://ebaycourses.com/product/joshua-crisp-amazon-fba-a-z-seller-course/
JT Franco - Amazon FBA Empire Academy 2.0,/jt-franco-amazon-fba-empire-academy-20
Jul,https://thedlcourse.com/sourcing-alibaba-and-how-to-sell-on-amazon-fba-private-label/
Jun,https://thedlcourse.com/jason-gandy-launch-your-first-private-label-produc/
Larry Humphreys - Work From Home Sell Wholesale Products Using Amazon FBA,/larry-humphreys-work-from-home-sell-wholesale-products-using-amazon-fba
Larry Lubarsky – Wholesale Academy – FBA Course (Update 2021),https://thecoursedl.com/product/larry-lubarsky-wholesale-academy-fba-course-update-2021/
Launch A Private Label Brand On Amazon Fba In 2022,https://ebookee.com/Launch-A-Private-Label-Brand-On-Amazon-Fba-In-2022_5379858.html
Launch A Private Label Brand On Amazon FBA In 2022,https://ebookee.com/Launch-A-Private-Label-Brand-On-Amazon-FBA-In-2022_5379289.html
Launch A Private Label Brand On Amazon Fba In 2022,https://www.ebookee.net/Launch-A-Private-Label-Brand-On-Amazon-Fba-In-2022_5379858.html
Launch A Private Label Brand On Amazon FBA In 2022,https://www.ebookee.net/Launch-A-Private-Label-Brand-On-Amazon-FBA-In-2022_5379289.html
Launch Your First Private Label Product   Amazon FBA Masterclass,https://ebookee.com/Launch-Your-First-Private-Label-Product-Amazon-FBA-Masterclass_5408719.html
Launch Your First Private Label Product   Amazon FBA Masterclass,https://ebookee.com/archive/book/Launch-Your-First-Private-Label-Product-Amazon-FBA-Masterclass_5403474.html
Launch Your First Private Label Product   Amazon FBA Masterclass,https://www.ebookee.net/Launch-Your-First-Private-Label-Product-Amazon-FBA-Masterclass_5408719.html
Launch Your First Private Label Product   Amazon FBA Masterclass,https://www.ebookee.net/archive/book/Launch-Your-First-Private-Label-Product-Amazon-FBA-Masterclass_5403474.html
Launch Your First Private Label Product | Amazon FBA Masterclass,https://freecoursedl.com/launch-your-first-private-label-product-amazon-fba-masterclass/
Leave a Comment on Amazon FBA Fast Lane – The Quick Start To A Successful Amazon Shop,https://ebaycourses.com/product/amazon-fba-fast-lane-the-quick-start-to-a-successful-amazon-shop/#respond
Leave a Comment on Amazon FBA Online Business Course And Community,https://ebaycourses.com/product/amazon-fba-online-business-course-and-community/#respond
Leave a Comment on Benjamin Joseph – Amazon Fba Secrets 3.0,https://ebaycourses.com/product/benjamin-joseph-amazon-fba-secrets-3-0/#respond
Leave a Comment on Dan Vas – Ecom Freedom Amazon FBA,https://ebaycourses.com/product/dan-vas-ecom-freedom-amazon-fba/#respond
Leave a Comment on Derrick Struggle – Amazon FBA Heroes,https://ebaycourses.com/product/derrick-struggle-amazon-fba-heroes/#respond
Leave a Comment on Eric – Welcome to Amazon FBA Geniuses,https://ebaycourses.com/product/eric-welcome-to-amazon-fba-geniuses/#respond
Leave a Comment on Joshua Crisp – Amazon FBA A-Z Seller Course,https://ebaycourses.com/product/joshua-crisp-amazon-fba-a-z-seller-course/#respond
Leave a Comment on Youngjoon Sun – Amazon FBA Mastermind,https://ebaycourses.com/product/youngjoon-sun-amazon-fba-mastermind/#respond
Mark Scott Adams - Amazon FBA Headstart,/mark-scott-adams-amazon-fba-headstart
Mehmet TEK – Sourcing Alibaba and How to Sell on Amazon FBA Private Label,
Not Found,drive.google.com/?s=Amazon+FBA
Not Found,dropbox.com/?s=Amazon+FBA
Not Found,duforum.in/?s=Amazon+FBA
Not Found,easygroupbuys.com/?s=Amazon+FBA
Not Found,easyupload.io/?s=Amazon+FBA
Not Found,ebookscart.com/?s=Amazon+FBA
Not Found,ecomviet.club/?s=Amazon+FBA
Not Found,edublow.com/?s=Amazon+FBA
Not Found,epzilla.com/?s=Amazon+FBA
Not Found,eternia.to/?s=Amazon+FBA
Not Found,ethicalhacker.netforums/?s=Amazon+FBA
Not Found,evilzone.org/?s=Amazon+FBA
Not Found,exploit-db.com/?s=Amazon+FBA
Not Found,exyucafe.com/?s=Amazon+FBA
Not Found,filemail.com/?s=Amazon+FBA
Not Found,filmsofts.com/?s=Amazon+FBA
Not Found,fivebucksstore.gumroad.com/?s=Amazon+FBA
Not Found,forocable.com/?s=Amazon+FBA
Not Found,forum.dirtywarez.com/?s=Amazon+FBA
Not Found,forum.gfxdomain.net/?s=Amazon+FBA
Not Found,forum.hackthebox.eu/?s=Amazon+FBA
Not Found,forumhacks.boards.net/?s=Amazon+FBA
Not Found,foxtradeland.com/?s=Amazon+FBA
Not Found,freecoursereview.com/?s=Amazon+FBA
Not Found,freecoursewebsite.com/?s=Amazon+FBA
Not Found,freeeducationweb.com/?s=Amazon+FBA
Not Found,freelancer.com/?s=Amazon+FBA
Not Found,freeonlinecourses.me/?s=Amazon+FBA
Not Found,freesoff.com/?s=Amazon+FBA
Not Found,freesoft4download.com/?s=Amazon+FBA
Not Found,freetutorials-us.com/?s=Amazon+FBA
Not Found,freetutorialsus.comcourse/?s=Amazon+FBA
Not Found,freetutsdownload.com/?s=Amazon+FBA
Not Found,fromsmash.com/?s=Amazon+FBA
Not Found,ftuapps.dev/?s=Amazon+FBA
Not Found,ftuforums.com/?s=Amazon+FBA
Not Found,fullcrackedprograms.com/?s=Amazon+FBA
Not Found,gaealliance.org/?s=Amazon+FBA
Not Found,galaxytuts.blogspot.com/?s=Amazon+FBA
Not Found,gameofcourses.com/?s=Amazon+FBA
Not Found,getecourse.com/?s=Amazon+FBA
Not Found,getelitecourses.com/?s=Amazon+FBA
Not Found,getwso.cc/?s=Amazon+FBA
Not Found,getwsocourse.com/?s=Amazon+FBA
Not Found,getwsodo.net/?s=Amazon+FBA
Not Found,getwsodownload.life/?s=Amazon+FBA
Not Found,gfx-hub.net/?s=Amazon+FBA
Not Found,gigdownload.ru/?s=Amazon+FBA
Not Found,girlspic.net/?s=Amazon+FBA
Not Found,grafamania.net/?s=Amazon+FBA
Not Found,grafixfather.com/?s=Amazon+FBA
Not Found,grantorrent.bar/?s=Amazon+FBA
Not Found,greyhatmafia.com/?s=Amazon+FBA
Not Found,hackaday.com/?s=Amazon+FBA
Not Found,hackforumz.com/?s=Amazon+FBA
Not Found,hacksnation.com/?s=Amazon+FBA
Not Found,hacksociety.net/?s=Amazon+FBA
Not Found,hackthissite.org/?s=Amazon+FBA
Not Found,hackthissite.orgforums/?s=Amazon+FBA
Not Found,hak5.org/?s=Amazon+FBA
Not Found,hdvietnam.com/?s=Amazon+FBA
Not Found,heroturko.com/?s=Amazon+FBA
Not Found,heroturko.to/?s=Amazon+FBA
Not Found,heroturko.ws/?s=Amazon+FBA
Not Found,hi.usalib.org/?s=Amazon+FBA
Not Found,hide01.ir/?s=Amazon+FBA
Not Found,hifimov.cc/?s=Amazon+FBA
Not Found,hot4share.com/?s=Amazon+FBA
Not Found,ibackup.com/?s=Amazon+FBA
Not Found,icedrive.net/?s=Amazon+FBA
Not Found,idrive.com/?s=Amazon+FBA
Not Found,imgur.com/?s=Amazon+FBA
Not Found,in.thecopycourses.com/?s=Amazon+FBA
Not Found,indiehackers.com/?s=Amazon+FBA
Not Found,irfree.org/?s=Amazon+FBA
Not Found,johnsoftwares.com/?s=Amazon+FBA
Not Found,jumpshare.com/?s=Amazon+FBA
Not Found,kasbarg.ir/?s=Amazon+FBA
Not Found,koofr.eu/?s=Amazon+FBA
Not Found,kraftymarketingprofits.com/?s=Amazon+FBA
Not Found,leakcourses.com/?s=Amazon+FBA
Not Found,leakforums.co/?s=Amazon+FBA
Not Found,leakforums.su/?s=Amazon+FBA
Not Found,libraryoftrader.com/?s=Amazon+FBA
Not Found,madaces.in/?s=Amazon+FBA
Not Found,markyourbook.com/?s=Amazon+FBA
Not Found,mediafire.com/?s=Amazon+FBA
Not Found,mega.io/?s=Amazon+FBA
Not Found,mega.nz/?s=Amazon+FBA
Not Found,megademy.com/?s=Amazon+FBA
Not Found,megazeni.com/?s=Amazon+FBA
Not Found,memejunkies.com/?s=Amazon+FBA
Not Found,mentorscourses101.com/?s=Amazon+FBA
Not Found,merlinwz.com/?s=Amazon+FBA
Not Found,mimedia.com/?s=Amazon+FBA
Not Found,missionforex.com/?s=Amazon+FBA
Not Found,mobinuke.com/?s=Amazon+FBA
Not Found,movie-forum.co/?s=Amazon+FBA
Not Found,myfreeonlinecourse.com/?s=Amazon+FBA
Not Found,mygully.com/?s=Amazon+FBA
Not Found,n0where.net/?s=Amazon+FBA
Not Found,new-rutor.org/?s=Amazon+FBA
Not Found,nitroflares.com/?s=Amazon+FBA
Not Found,nocourses.com/?s=Amazon+FBA
Not Found,no-fees.ohiochristian.edu/?s=Amazon+FBA
Not Found,nulledgeek.me/?s=Amazon+FBA
Not Found,ogusers.com/?s=Amazon+FBA
Not Found,old.idas.ca/?s=Amazon+FBA
Not Found,onedrive.live.com/?s=Amazon+FBA
Not Found,onehack.us/?s=Amazon+FBA
Not Found,online-courses.club/?s=Amazon+FBA
Not Found,onlinecoursesschools.com/?s=Amazon+FBA
Not Found,paidcourses.net/?s=Amazon+FBA
Not Found,pastebin.com/?s=Amazon+FBA
Not Found,pcloud.com/?s=Amazon+FBA
Not Found,pinterest.com/?s=Amazon+FBA
Not Found,pluto.wickedlocal.com/?s=Amazon+FBA
Not Found,polarbackup.com/?s=Amazon+FBA
Not Found,postoral.com/?s=Amazon+FBA
Not Found,presetsfx.com/?s=Amazon+FBA
Not Found,profittools.io/?s=Amazon+FBA
Not Found,ps.1lib.vip/?s=Amazon+FBA
Not Found,puzo.org/?s=Amazon+FBA
Not Found,qnama.ir/?s=Amazon+FBA
Not Found,quickmail.io/?s=Amazon+FBA
Not Found,raidforums.com/?s=Amazon+FBA
Not Found,rapidgator.net/?s=Amazon+FBA
Not Found,rapidheaven.com/?s=Amazon+FBA
Not Found,rapidshare.io/?s=Amazon+FBA
Not Found,real.discount/?s=Amazon+FBA
Not Found,Reddit/?s=Amazon+FBA
Not Found,reduson.com/?s=Amazon+FBA
Not Found,reecoursedl.com/?s=Amazon+FBA
Not Found,releasehive.comtutorials/?s=Amazon+FBA
Not Found,samkokarena.5game.in.th/?s=Amazon+FBA
Not Found,scanlibs.com/?s=Amazon+FBA
Not Found,sdcv.pl/?s=Amazon+FBA
Not Found,securiteam.com/?s=Amazon+FBA
Not Found,selfhelp.life/?s=Amazon+FBA
Not Found,self-help.life/?s=Amazon+FBA
Not Found,send-anywhere.com/?s=Amazon+FBA
Not Found,sendgb.com/?s=Amazon+FBA
Not Found,serbianforum.org/?s=Amazon+FBA
Not Found,shareasale.com/?s=Amazon+FBA
Not Found,sharefile.com/?s=Amazon+FBA
Not Found,shopee.com.my/?s=Amazon+FBA
Not Found,shopee.sg/?s=Amazon+FBA
Not Found,shoppycourses.com/?s=Amazon+FBA
Not Found,sinister.ly/?s=Amazon+FBA
Not Found,sites.google.com/?s=Amazon+FBA
Not Found,sozone.com/?s=Amazon+FBA
Not Found,start.daymarcollege.edu/?s=Amazon+FBA
Not Found,successacceleratercoursereview.com/?s=Amazon+FBA
Not Found,sundryshare.com/?s=Amazon+FBA
Not Found,surgesend.com/?s=Amazon+FBA
Not Found,sync.com/?s=Amazon+FBA
Not Found,takvid.ir/?s=Amazon+FBA
Not Found,telegra.ph/?s=Amazon+FBA
Not Found,telegram.dog/?s=Amazon+FBA
Not Found,telegram.org/?s=Amazon+FBA
Not Found,terashare.net/?s=Amazon+FBA
Not Found,tetacourse.com/?s=Amazon+FBA
Not Found,thebypasser.com/?s=Amazon+FBA
Not Found,thecoolcourses.com/?s=Amazon+FBA
Not Found,thecopycourses.com/?s=Amazon+FBA
Not Found,thecourse.store/?s=Amazon+FBA
Not Found,thefreeonlinecourse.com/?s=Amazon+FBA
Not Found,tinkernut.com/?s=Amazon+FBA
Not Found,tobuytogether.com/?s=Amazon+FBA
Not Found,toolgroupbuy.com/?s=Amazon+FBA
Not Found,traders-offer.com/?s=Amazon+FBA
Not Found,tradingcoursezone.com/?s=Amazon+FBA
Not Found,transferxl.com/?s=Amazon+FBA
Not Found,tryhackme.comforum/?s=Amazon+FBA
Not Found,tscourses.co/?s=Amazon+FBA
Not Found,tumblr.com/?s=Amazon+FBA
Not Found,tutbb.com/?s=Amazon+FBA
Not Found,tutcourse.com/?s=Amazon+FBA
Not Found,tutflix.org/?s=Amazon+FBA
Not Found,tutsgalaxy.org/?s=Amazon+FBA
Not Found,tutsmonk.com/?s=Amazon+FBA
Not Found,twcoursedl.com/?s=Amazon+FBA
Not Found,twmarketingcourse.com/?s=Amazon+FBA
Not Found,udemydl.com/?s=Amazon+FBA
Not Found,udemypremiumcourses.com/?s=Amazon+FBA
Not Found,unknowncheats.meforum/?s=Amazon+FBA
Not Found,upcourses.com/?s=Amazon+FBA
Not Found,upload-4ever.com/?s=Amazon+FBA
Not Found,uploaded.net/?s=Amazon+FBA
Not Found,uploadgig.me/?s=Amazon+FBA
Not Found,uptoboxsearch.com/?s=Amazon+FBA
Not Found,ur.1lib.limited/?s=Amazon+FBA
Not Found,ur.jp1lib.org/?s=Amazon+FBA
Not Found,v41.torlook.info/?s=Amazon+FBA
Not Found,vfxfuture.com/?s=Amazon+FBA
Not Found,vipcourses.net/?s=Amazon+FBA
Not Found,vissionforex.com/?s=Amazon+FBA
Not Found,vk.com/?s=Amazon+FBA
Not Found,w41.torlook.info/?s=Amazon+FBA
Not Found,w42.torlook.info/?s=Amazon+FBA
Not Found,wannacrack.com/?s=Amazon+FBA
Not Found,warez.ge/?s=Amazon+FBA
Not Found,warezbb.ir/?s=Amazon+FBA
Not Found,warez-bb.org/?s=Amazon+FBA
Not Found,warezbb.site/?s=Amazon+FBA
Not Found,warezbook.org/?s=Amazon+FBA
Not Found,warezforums.com/?s=Amazon+FBA
Not Found,warezheaven.com/?s=Amazon+FBA
Not Found,warezik.eu/?s=Amazon+FBA
Not Found,warez-serbia.com/?s=Amazon+FBA
Not Found,warriorwso.com/?s=Amazon+FBA
Not Found,wesendit.com/?s=Amazon+FBA
Not Found,winningpc.com/?s=Amazon+FBA
Not Found,wislibrary.com/?s=Amazon+FBA
Not Found,worldescargas.com/?s=Amazon+FBA
Not Found,wsoarchives.com/?s=Amazon+FBA
Not Found,wsodeals.com/?s=Amazon+FBA
Not Found,wsodl.com/?s=Amazon+FBA
Not Found,wsodollars.com/?s=Amazon+FBA
Not Found,wsodownload.cc/?s=Amazon+FBA
Not Found,wsodownloads.co/?s=Amazon+FBA
Not Found,wsodownloads.com/?s=Amazon+FBA
Not Found,wso-downloads.info/?s=Amazon+FBA
Not Found,wsodownloads.me/?s=Amazon+FBA
Not Found,wsodownloads.pro/?s=Amazon+FBA
Not Found,wsodownloads.us/?s=Amazon+FBA
Not Found,wsodownloadsite.com/?s=Amazon+FBA
Not Found,wsoget.com/?s=Amazon+FBA
Not Found,wsogroupbuy.com/?s=Amazon+FBA
Not Found,wsoninja.com/?s=Amazon+FBA
Not Found,wsoproducts.com/?s=Amazon+FBA
Not Found,www.smashershub.com/?s=Amazon+FBA
Not Found,x7courses.com/?s=Amazon+FBA
Not Found,xid.net/?s=Amazon+FBA
Not Found,xtragfx.com/?s=Amazon+FBA
Not Found,yourobcl.com/?s=Amazon+FBA
Not Found,youtube.com/?s=Amazon+FBA
Not Found,zeuszz.com/?s=Amazon+FBA
Not Found,zippyshare.com/?s=Amazon+FBA
Not Found,zoolz.com/?s=Amazon+FBA
Not Found,zsecurity.org/?s=Amazon+FBA
Not Found,www.smashershub.in/?s=Amazon+FBA
Not Found,smashershub.in/?s=Amazon+FBA
Not Found,makemoneyspy.com/?s=Amazon+FBA
Not Found,lazada.com.my/?s=Amazon+FBA
Not Found,tpb24.ukpass.co/?s=Amazon+FBA
Not Found,wsodownloadsin.myshopify.com/?s=Amazon+FBA
Not Found,wakelet.com/?s=Amazon+FBA
Not Found,fdocuments.net/?s=Amazon+FBA
Not Found,knaben.ru/?s=Amazon+FBA
Not Found,rateiocursosonline.com/?s=Amazon+FBA
Not Found,vnmmo247.com/?s=Amazon+FBA
Not Found,motka.net/?s=Amazon+FBA
Not Found,crackins.com/?s=Amazon+FBA
Not Found,dis.lib.usf.edu/?s=Amazon+FBA
Not Found,coinerpals.com/?s=Amazon+FBA
Not Found,dideo.ir/?s=Amazon+FBA
Not Found,uploadgig.com/?s=Amazon+FBA
Not Found,worlduploads.com/?s=Amazon+FBA
Not Found,1337xx.to/?s=Amazon+FBA
Not Found,avxhm.se/?s=Amazon+FBA
Not Found,b-ok.cc/?s=Amazon+FBA
Not Found,phtutorials.com/?s=Amazon+FBA
Not Found,course24.in/?s=Amazon+FBA
Not Found,clubdrivebrasil.com/?s=Amazon+FBA
Not Found,dydss.com/?s=Amazon+FBA
Not Found,heroturko1.com/?s=Amazon+FBA
Not Found,getcoursefree.net/?s=Amazon+FBA
Not Found,pdfdrive.com/?s=Amazon+FBA
Not Found,shopee.co.th/?s=Amazon+FBA
Not Found,ecoursesdl.com/?s=Amazon+FBA
Not Found,shopesth.com/?s=Amazon+FBA
Not Found,piraat.xyz - 26 URLs/?s=Amazon+FBA
Not Found,tpb24.ukpass.co - 26 URLs/?s=Amazon+FBA
Not Found,corsipirata.org/?s=Amazon+FBA
Not Found,coursez.co/?s=Amazon+FBA
Not Found,scribd.com/?s=Amazon+FBA
Not Found,lidercursos.com/?s=Amazon+FBA
Not Found,zcursos.com/?s=Amazon+FBA
Not Found,warez-ts.org/?s=Amazon+FBA
Not Found,limetorrents.to/?s=Amazon+FBA
Not Found,crackiansleaks.com/?s=Amazon+FBA
Not Found,kanoetechnologies.us/?s=Amazon+FBA
Not Found,chopandserve.us/?s=Amazon+FBA
Not Found,infected-zone.com/?s=Amazon+FBA
Not Found,businessintegritygroup.us/?s=Amazon+FBA
Not Found,pioneersolution.us/?s=Amazon+FBA
Not Found,vorlygaming.us/?s=Amazon+FBA
Not Found,coursetoo.com/?s=Amazon+FBA
Not Found,ur.be1lib.org/?s=Amazon+FBA
Not Found,ebookedl.com/?s=Amazon+FBA
Not Found,coursehero.com/?s=Amazon+FBA
Not Found,torrentexpert.com/?s=Amazon+FBA
Not Found,gfxtry.com/?s=Amazon+FBA
Not Found,s17.skladchikcom.com/?s=Amazon+FBA
Not Found,s29.skladchik.shop/?s=Amazon+FBA
Not Found,slivkurs.ru/?s=Amazon+FBA
Not Found,site.topfiles.site/?s=Amazon+FBA
Not Found,sliv-info.cc/?s=Amazon+FBA
Not Found,kazachya.net/?s=Amazon+FBA
Not Found,fileland.pl/?s=Amazon+FBA
Not Found,flagrantmalfeasance.com/?s=Amazon+FBA
Not Found,passtest.jp/?s=Amazon+FBA
Not Found,lolz.guru/?s=Amazon+FBA
Not Found,libraryoftrader.net/?s=Amazon+FBA
Not Found,course-archive.com/?s=Amazon+FBA
Not Found,warezisko.net/?s=Amazon+FBA
Not Found,gregforex.com/?s=Amazon+FBA
Not Found,premiumcourse.store/?s=Amazon+FBA
Not Found,forexwinners.ru/?s=Amazon+FBA
Not Found,in.pinterest.com/?s=Amazon+FBA
Not Found,archive.org/?s=Amazon+FBA
Not Found,mustaqim.org/?s=Amazon+FBA
Not Found,vbook.pub/?s=Amazon+FBA
Not Found,rikki-rosalina16.blogspot.com/?s=Amazon+FBA
Not Found,forexprostore.com/?s=Amazon+FBA
Not Found,forexeshop.com/?s=Amazon+FBA
Not Found,rutracker.org/?s=Amazon+FBA
Not Found,packscursos.org/?s=Amazon+FBA
Not Found,bestblackhatforum.us/?s=Amazon+FBA
Not Found,torrentgalaxy.to/?s=Amazon+FBA
Not Found,watercache.nanobytes.org/?s=Amazon+FBA
Not Found,z-epub.com/?s=Amazon+FBA
Not Found,booksfree.org/?s=Amazon+FBA
Not Found,ibraryoftrader.net/?s=Amazon+FBA
Not Found,turbobit.net - 30 URLs/?s=Amazon+FBA
Not Found,uploadgig.com - 23 URLs/?s=Amazon+FBA
Not Found,tradingpirata.com/?s=Amazon+FBA
Not Found,corsi.rip/?s=Amazon+FBA
Not Found,heroturko.net/?s=Amazon+FBA
Not Found,dvd.traders-oasis.com/?s=Amazon+FBA
Not Found,bitcointalk.org/?s=Amazon+FBA
Not Found,downloadies.com/?s=Amazon+FBA
Not Found,godownloads.link/?s=Amazon+FBA
Not Found,downarchive.org/?s=Amazon+FBA
Not Found,apps4all.com/?s=Amazon+FBA
Not Found,gfxtra31.com/?s=Amazon+FBA
Not Found,rockoldies.net/?s=Amazon+FBA
Not Found,m.bukalapak.com/?s=Amazon+FBA
Not Found,hunls.com/?s=Amazon+FBA
Not Found,bt4g.org/?s=Amazon+FBA
Not Found,tor5.pirat.bz/?s=Amazon+FBA
Not Found,getsharex.com/?s=Amazon+FBA
Not Found,filedropper.com/?s=Amazon+FBA
Not Found,pyget.com/?s=Amazon+FBA
Not Found,volafile.io/?s=Amazon+FBA
Not Found,userscloud.com/?s=Amazon+FBA
Not Found,180upload.com/?s=Amazon+FBA
Not Found,1fichier.com/?s=Amazon+FBA
Not Found,amazon.comclouddrivelearnmore/?s=Amazon+FBA
Not Found,arabloads.net/?s=Amazon+FBA
Not Found,authorstream.com/?s=Amazon+FBA
Not Found,cuetransfer.com/?s=Amazon+FBA
Not Found,delafil.se/?s=Amazon+FBA
Not Found,depositfiles.com/?s=Amazon+FBA
Not Found,discountbarbour.online/?s=Amazon+FBA
Not Found,docs.thinkfree.com/?s=Amazon+FBA
Not Found,docstoc.com/?s=Amazon+FBA
Not Found,drop.io/?s=Amazon+FBA
Not Found,e-library.net/?s=Amazon+FBA
Not Found,edocr.com/?s=Amazon+FBA
Not Found,empressr.com/?s=Amazon+FBA
Not Found,expirebox.com/?s=Amazon+FBA
Not Found,filecargo.com/?s=Amazon+FBA
Not Found,filenuke.com/?s=Amazon+FBA
Not Found,filenurse.com/?s=Amazon+FBA
Not Found,filerio.in/?s=Amazon+FBA
Not Found,files.fm/?s=Amazon+FBA
Not Found,filesanywhere.com/?s=Amazon+FBA
Not Found,filesender.io/?s=Amazon+FBA
Not Found,fileserve.com/?s=Amazon+FBA
Not Found,firedrop.com/?s=Amazon+FBA
Not Found,fliiby.com/?s=Amazon+FBA
Not Found,foldder.com/?s=Amazon+FBA
Not Found,fortuneweb.online/?s=Amazon+FBA
Not Found,free-ebooks.net/?s=Amazon+FBA
Not Found,hightail.com/?s=Amazon+FBA
Not Found,hitfile.net/?s=Amazon+FBA
Not Found,howfile.com/?s=Amazon+FBA
Not Found,icloud.com/?s=Amazon+FBA
Not Found,issuu.com/?s=Amazon+FBA
Not Found,jirafeau.net/?s=Amazon+FBA
Not Found,load.to/?s=Amazon+FBA
Not Found,lulu.com/?s=Amazon+FBA
Not Found,mailbigfile.com/?s=Amazon+FBA
Not Found,megaupload.com/?s=Amazon+FBA
Not Found,multiupfile.com/?s=Amazon+FBA
Not Found,myairbridge.com/?s=Amazon+FBA
Not Found,myupload.dkcreateuser/?s=Amazon+FBA
Not Found,nowdownload.to/?s=Amazon+FBA
Not Found,pdfcast.org/?s=Amazon+FBA
Not Found,pixeldra.in/?s=Amazon+FBA
Not Found,poetic.io/?s=Amazon+FBA
Not Found,powershow.com/?s=Amazon+FBA
Not Found,sendfiles2.me/?s=Amazon+FBA
Not Found,sendmyway.com/?s=Amazon+FBA
Not Found,sendspace.com/?s=Amazon+FBA
Not Found,sendthisfile.comindex.jsp/?s=Amazon+FBA
Not Found,senduit.com/?s=Amazon+FBA
Not Found,share-online.biz/?s=Amazon+FBA
Not Found,shareflare.net/?s=Amazon+FBA
Not Found,sharerepo.com/?s=Amazon+FBA
Not Found,smashwords.com/?s=Amazon+FBA
Not Found,spicyfile.com?op=login/?s=Amazon+FBA
Not Found,telxsendit.com/?s=Amazon+FBA
Not Found,temp-share.com/?s=Amazon+FBA
Not Found,thepiratebay.org/?s=Amazon+FBA
Not Found,tinyupload.com/?s=Amazon+FBA
Not Found,turbobit.net/?s=Amazon+FBA
Not Found,tusfiles.net/?s=Amazon+FBA
Not Found,uploading.com/?s=Amazon+FBA
Not Found,uptobox.com/?s=Amazon+FBA
Not Found,wetransfer.com/?s=Amazon+FBA
Not Found,wikisend.com/?s=Amazon+FBA
Ryan Hogue - Ryan’s Method: Amazon FBA 2020,/ryan-hogue-ryans-method-amazon-fba-2020
Selling On Amazon Fba  Private Label Intro Course,https://freecoursedl.com/selling-on-amazon-fba-private-label-intro-course/
Selling on Amazon FBA Masterclass – Private Label Handbook,https://freecoursedl.com/selling-on-amazon-fba-masterclass-private-label-handbook/
Simone Reali - Amazon FBAgency,/simone-reali-amazon-fbagency
Sourcing Alibaba & How to Sell on Amazon FBA Private Label,https://freecoursedl.com/sourcing-alibaba-how-to-sell-on-amazon-fba-private-label/
"Start Your Amazon FBA Business easier by this course "" SThe Amazon FBA Seller Beginner's Toolkit"" 94% off >>10$",https://www.learningonlinecourse.com/2017/03/start-your-amazon-fba-business-easier.html
Tamara Tee – FBA Winners Course 2019,https://thecoursedl.com/product/tamara-tee-fba-winners-course-2019/
The Last Amazon FBA Course - [ 2020 ] Private Label Guide..94% off udemy coupon code,https://www.learningonlinecourse.com/2020/05/the-last-amazon-fba-course-2020-private.html
Trevin Peterson - Amazon FBA Champion Course 2.0,/trevin-peterson-amazon-fba-champion-course-2-0-instant-download
Trevin Peterson - NEW Amazon FBA Champion Course 3.0,/trevin-peterson-new-amazon-fba-champion-course-3-0
Trevin Peterson – NEW Amazon FBA Champion Course 3.0,https://freecoursedl.com/trevin-peterson-new-amazon-fba-champion-course-3-0/
Trevin Peterson – NEW Amazon FBA Champion Course 3.0,https://thecoursedl.com/product/trevin-peterson-new-amazon-fba-champion-course-3-0/
Welcome to Amazon FBA Geniuses – Eric,https://offimc.net/product/welcome-to-amazon-fba-geniuses-eric/
Youngjoon Sun – Amazon FBA Mastermind,https://ebaycourses.com/product/youngjoon-sun-amazon-fba-mastermind/
